{"initial_reset_timestamp": 1561825236.2017229, "timestamps": [1561825237.0021005, 1561825237.8605237], "episode_lengths": [13, 21], "episode_rewards": [13.0, 21.0], "episode_types": ["t", "t"]}